{
	"Among Us": {
		"id": 0,
		"name": "Among Us",
		"iconName": "user-astronaut",
		"scoresheet": "General"
	},
	"Archery": {
		"id": 1,
		"name": "Archery",
		"iconName": "bullseye-arrow",
		"scoresheet": "General"
	},
	"Archery Tag": {
		"id": 2,
		"name": "Archery Tag",
		"iconName": "bow-arrow",
		"scoresheet": "General"
	},
	"Badminton": {
		"id": 3,
		"name": "Badminton",
		"iconName": "shuttlecock",
		"scoresheet": "General"
	},
	"Basketball": {
		"id": 4,
		"name": "Basketball",
		"iconName": "basketball-hoop",
		"scoresheet": "Basketball"
	},
	"Basketball Skills": {
		"id": 5,
		"name": "Basketball Skills",
		"iconName": "basketball-ball",
		"scoresheet": "Basketball"
	},
	"Beach Volleyball": {
		"id": 6,
		"name": "Beach Volleyball",
		"iconName": "volleyball-ball",
		"scoresheet": "Volleyball"
	},
	"Bouldering": {
		"id": 7,
		"name": "Bouldering",
		"iconName": "mountains",
		"scoresheet": "General"
	},
	"Bowling": {
		"id": 8,
		"name": "Bowling",
		"iconName": "bowling-pins",
		"scoresheet": "General"
	},
	"Broomball": {
		"id": 9,
		"name": "Broomball",
		"iconName": "broom",
		"scoresheet": "General"
	},
	"Bubble Soccer": {
		"id": 10,
		"name": "Bubble Soccer",
		"iconName": "futbol",
		"scoresheet": "Soccer"
	},
	"Call of Duty": {
		"id": 11,
		"name": "Call of Duty",
		"iconName": "gamepad-alt",
		"scoresheet": "General"
	},
	"Canoe Battleship": {
		"id": 12,
		"name": "Canoe Battleship",
		"iconName": "ship",
		"scoresheet": "General"
	},
	"Cornhole": {
		"id": 13,
		"name": "Cornhole",
		"iconName": "square",
		"scoresheet": "General"
	},
	"Cricket": {
		"id": 14,
		"name": "Cricket",
		"iconName": "cricket",
		"scoresheet": "General"
	},
	"Counter-Strike 2": {
		"id": 15,
		"name": "Counter-Strike 2",
		"iconName": "gamepad-alt",
		"scoresheet": "General"
	},
	"Disc Golf": {
		"id": 16,
		"name": "Disc Golf",
		"iconName": "compact-disc",
		"scoresheet": "General"
	},
	"Dodgeball": {
		"id": 17,
		"name": "Dodgeball",
		"iconName": "circle",
		"scoresheet": "General"
	},
	"DOTA": {
		"id": 18,
		"name": "DOTA",
		"iconName": "swords",
		"scoresheet": "General"
	},
	"Fantasy League": {
		"id": 19,
		"name": "Fantasy League",
		"iconName": "star",
		"scoresheet": "General"
	},
	"Field Hockey": {
		"id": 20,
		"name": "Field Hockey",
		"iconName": "field-hockey",
		"scoresheet": "General"
	},
	"FIFA": {
		"id": 21,
		"name": "FIFA",
		"iconName": "gamepad-alt",
		"scoresheet": "General"
	},
	"Flag Football": {
		"id": 22,
		"name": "Flag Football",
		"iconName": "football-ball",
		"scoresheet": "Flag Football"
	},
	"Floor Hockey": {
		"id": 23,
		"name": "Floor Hockey",
		"iconName": "hockey-sticks",
		"scoresheet": "General"
	},
	"Foot Golf": {
		"id": 24,
		"name": "Foot Golf",
		"iconName": "futbol",
		"scoresheet": "General"
	},
	"Golf": {
		"id": 25,
		"name": "Golf",
		"iconName": "golf-club",
		"scoresheet": "General"
	},
	"Handball": {
		"id": 26,
		"name": "Handball",
		"iconName": "futbol",
		"scoresheet": "General"
	},
	"Human Fooseball": {
		"id": 27,
		"name": "Human Fooseball",
		"iconName": "sliders-v",
		"scoresheet": "General"
	},
	"Ice Hockey": {
		"id": 28,
		"name": "Ice Hockey",
		"iconName": "hockey-puck",
		"scoresheet": "Hockey"
	},
	"Indoor Soccer": {
		"id": 29,
		"name": "Indoor Soccer",
		"iconName": "futbol",
		"scoresheet": "Soccer"
	},
	"Inner Tube Water Polo": {
		"id": 30,
		"name": "Inner Tube Water Polo",
		"iconName": "life-ring",
		"scoresheet": "General"
	},
	"Inner Tube Water Volleyball": {
		"id": 31,
		"name": "Inner Tube Water Volleyball",
		"iconName": "life-ring",
		"scoresheet": "Volleyball"
	},
	"Kan Jam": {
		"id": 32,
		"name": "Kan Jam",
		"iconName": "dot-circle",
		"scoresheet": "General"
	},
	"Kickball": {
		"id": 33,
		"name": "Kickball",
		"iconName": "whistle",
		"scoresheet": "General"
	},
	"Lacrosse": {
		"id": 34,
		"name": "Lacrosse",
		"iconName": "whistle",
		"scoresheet": "General"
	},
	"League of Legends": {
		"id": 35,
		"name": "League of Legends",
		"iconName": "swords",
		"scoresheet": "General"
	},
	"Madden NFL": {
		"id": 36,
		"name": "Madden NFL",
		"iconName": "gamepad-alt",
		"scoresheet": "General"
	},
	"NBA 2K": {
		"id": 37,
		"name": "NBA 2K",
		"iconName": "gamepad-alt",
		"scoresheet": "General"
	},
	"NHL": {
		"id": 38,
		"name": "NHL",
		"iconName": "gamepad-alt",
		"scoresheet": "General"
	},
	"Overwatch": {
		"id": 39,
		"name": "Overwatch",
		"iconName": "gamepad-alt",
		"scoresheet": "General"
	},
	"Pickleball": {
		"id": 40,
		"name": "Pickleball",
		"iconName": "racquet",
		"scoresheet": "General"
	},
	"Polo": {
		"id": 41,
		"name": "Polo",
		"iconName": "horse-saddle",
		"scoresheet": "General"
	},
	"Quidditch": {
		"id": 42,
		"name": "Quidditch",
		"iconName": "quidditch",
		"scoresheet": "General"
	},
	"Racquetball": {
		"id": 43,
		"name": "Racquetball",
		"iconName": "racquet",
		"scoresheet": "General"
	},
	"Rocket League": {
		"id": 44,
		"name": "Rocket League",
		"iconName": "gamepad-alt",
		"scoresheet": "General"
	},
	"Rugby": {
		"id": 45,
		"name": "Rugby",
		"iconName": "whistle",
		"scoresheet": "General"
	},
	"Sailing": {
		"id": 46,
		"name": "Sailing",
		"iconName": "water",
		"scoresheet": "General"
	},
	"Seated Volleyball": {
		"id": 47,
		"name": "Seated Volleyball",
		"iconName": "volleyball-ball",
		"scoresheet": "Volleyball"
	},
	"Soccer": {
		"id": 48,
		"name": "Soccer",
		"iconName": "futbol",
		"scoresheet": "Soccer"
	},
	"Soccer Skills": {
		"id": 49,
		"name": "Soccer Skills",
		"iconName": "futbol",
		"scoresheet": "Soccer"
	},
	"Softball": {
		"id": 50,
		"name": "Softball",
		"iconName": "baseball-ball",
		"scoresheet": "Softball"
	},
	"Spikeball": {
		"id": 51,
		"name": "Spikeball",
		"iconName": "whistle",
		"scoresheet": "General"
	},
	"STRAVA Challenges": {
		"id": 52,
		"name": "STRAVA Challenges",
		"iconName": "running",
		"scoresheet": "General"
	},
	"Super Smash Bros": {
		"id": 53,
		"name": "Super Smash Bros",
		"iconName": "gamepad-alt",
		"scoresheet": "General"
	},
	"Table Tennis": {
		"id": 54,
		"name": "Table Tennis",
		"iconName": "table-tennis",
		"scoresheet": "General"
	},
	"Tennis": {
		"id": 55,
		"name": "Tennis",
		"iconName": "tennis-ball",
		"scoresheet": "General"
	},
	"Triathlon": {
		"id": 56,
		"name": "Triathlon",
		"iconName": "biking",
		"scoresheet": "General"
	},
	"Trivia": {
		"id": 57,
		"name": "Trivia",
		"iconName": "head-side-brain",
		"scoresheet": "General"
	},
	"Ultimate Frisbee": {
		"id": 58,
		"name": "Ultimate Frisbee",
		"iconName": "compact-disc",
		"scoresheet": "General"
	},
	"Volleyball": {
		"id": 59,
		"name": "Volleyball",
		"iconName": "volleyball-ball",
		"scoresheet": "Volleyball"
	},
	"Wallyball": {
		"id": 60,
		"name": "Wallyball",
		"iconName": "volleyball-ball",
		"scoresheet": "Volleyball"
	},
	"Water Basketball": {
		"id": 61,
		"name": "Water Basketball",
		"iconName": "swimmer",
		"scoresheet": "Basketball"
	},
	"Water Polo": {
		"id": 62,
		"name": "Water Polo",
		"iconName": "swimmer",
		"scoresheet": "General"
	},
	"Water Volleyball": {
		"id": 63,
		"name": "Water Volleyball",
		"iconName": "swimmer",
		"scoresheet": "Volleyball"
	},
	"Wiffleball": {
		"id": 64,
		"name": "Wiffleball",
		"iconName": "baseball",
		"scoresheet": "Softball"
	},
	"Mud Volleyball": {
		"id": 65,
		"name": "Mud Volleyball",
		"iconName": "volleyball-ball",
		"scoresheet": "Volleyball"
	},
	"Foosball": {
		"id": 66,
		"name": "Foosball",
		"iconName": "futbol",
		"scoresheet": "General"
	},
	"Valorant": {
		"id": 67,
		"name": "Valorant",
		"iconName": "gamepad",
		"scoresheet": "General"
	},
	"Billiards": {
		"id": 68,
		"name": "Billiards",
		"iconName": "circle",
		"scoresheet": "General"
	},
	"Card Games": {
		"id": 69,
		"name": "Card Games",
		"iconName": "diamond",
		"scoresheet": "General"
	},
	"Scissors": {
		"id": 70,
		"name": "Rock Paper Scissors",
		"iconName": "hand-scissors",
		"scoresheet": "General"
	},
	"Joust": {
		"id": 71,
		"name": "Joust",
		"iconName": "joystick",
		"scoresheet": "General"
	},
	"Donkey Kong": {
		"id": 72,
		"name": "Donkey Kong",
		"iconName": "joystick",
		"scoresheet": "General"
	},
	"Pac-man": {
		"id": 73,
		"name": "Pac-man",
		"iconName": "joystick",
		"scoresheet": "General"
	},
	"Teqball": {
		"id": 74,
		"name": "Teqball",
		"iconName": "futbol",
		"scoresheet": "General"
	},
	"Climbing": {
		"id": 75,
		"name": "Climbing",
		"iconName": "mountain",
		"scoresheet": "General"
	},
	"Baseball": {
		"id": 76,
		"name": "Baseball",
		"iconName": "baseball-ball",
		"scoresheet": "Softball"
	},
	"Baseball Skills": {
		"id": 77,
		"name": "Baseball Skills",
		"iconName": "baseball-ball",
		"scoresheet": "Softball"
	},
	"Football Skills": {
		"id": 78,
		"name": "Football Skills",
		"iconName": "football-ball",
		"scoresheet": "Flag Football"
	},
	"Board Games": {
		"id": 79,
		"name": "Board Games",
		"iconName": "dice",
		"scoresheet": "General"
	},
	"Fitness Challenge": {
		"id": 80,
		"name": "Fitness Challenge",
		"iconName": "dumbbell",
		"scoresheet": "General"
	},
	"Culinary Challenge": {
		"id": 81,
		"name": "Culinary Challenge",
		"iconName": "utensils-alt",
		"scoresheet": "General"
	},
	"Wheelchair Basketball": {
		"id": 82,
		"name": "Wheelchair Basketball",
		"iconName": "wheelchair-move",
		"scoresheet": "Basketball"
	},
	"Esports": {
		"id": 83,
		"name": "Esports",
		"iconName": "gamepad-alt",
		"scoresheet": "General"
	},
	"Squash": {
		"id": 84,
		"name": "Squash",
		"iconName": "racquet",
		"scoresheet": "General"
	},
	"Goalball": {
		"id": 85,
		"name": "Goalball",
		"iconName": "bells",
		"scoresheet": "General"
	},
	"Unified Sports": {
		"id": 86,
		"name": "Unified Sports",
		"iconName": "universal-access",
		"scoresheet": "General"
	},
	"Beep Ball": {
		"id": 87,
		"name": "Beep Ball",
		"iconName": "baseball",
		"scoresheet": "General"
	},
	"Swimming": {
		"id": 88,
		"name": "Swimming",
		"iconName": "swimmer",
		"scoresheet": "General"
	},
	"Air Hockey": {
		"id": 89,
		"name": "Air Hockey",
		"iconName": "hockey-puck",
		"scoresheet": "General"
	},
	"Pinball": {
		"id": 90,
		"name": "Pinball",
		"iconName": "joystick",
		"scoresheet": "General"
	},
	"Ladder Ball": {
		"id": 91,
		"name": "Ladder Ball",
		"iconName": "blinds-open",
		"scoresheet": "General"
	},
	"Running": {
		"id": 92,
		"name": "Running",
		"iconName": "running",
		"scoresheet": "General"
	},
	"Weight Lifting": {
		"id": 93,
		"name": "Weight Lifting",
		"iconName": "dumbbell",
		"scoresheet": "General"
	},
	"Paintball": {
		"id": 94,
		"name": "Paintball",
		"iconName": "crosshairs",
		"scoresheet": "General"
	},
	"Futsal": {
		"id": 95,
		"name": "Futsal",
		"iconName": "futbol",
		"scoresheet": "Soccer"
	},
	"Yard Games": {
		"id": 96,
		"name": "Yard Games",
		"iconName": "pennant",
		"scoresheet": "General"
	},
	"Lumberjack Games": {
		"id": 97,
		"name": "Lumberjack Games",
		"iconName": "axe",
		"scoresheet": "General"
	},
	"Racing Sim": {
		"id": 98,
		"name": "Racing Sim",
		"iconName": "flag-checkered",
		"scoresheet": "General"
	},
	"Capture The Flag": {
		"id": 99,
		"name": "Capture The Flag",
		"iconName": "flag-alt",
		"scoresheet": "General"
	},
	"Curling": {
		"id": 100,
		"name": "Curling",
		"iconName": "curling",
		"scoresheet": "General"
	},
	"Wrestling": {
		"id": 101,
		"name": "Wrestling",
		"iconName": "transporter",
		"scoresheet": "General"
	},
	"Mario Kart": {
		"id": 102,
		"name": "Mario Kart",
		"iconName": "steering-wheel",
		"scoresheet": "General"
	},
	"Chess": {
		"id": 103,
		"name": "Chess",
		"iconName": "chess",
		"scoresheet": "General"
	},
	"March Madness": {
		"id": 104,
		"name": "March Madness",
		"iconName": "trophy",
		"scoresheet": "General"
	},
	"Spelling Bee": {
		"id": 105,
		"name": "Spelling Bee",
		"iconName": "spell-check",
		"scoresheet": "General"
	},
	"NCAA College Football": {
		"id": 106,
		"name": "NCAA College Football",
		"iconName": "football-ball",
		"scoresheet": "General"
	},
	"Pick Em Challenge": {
		"id": 107,
		"name": "Pick'Em",
		"iconName": "star",
		"scoresheet": "General"
	},
	"Inner Tube Sports": {
		"id": 108,
		"name": "Inner Tube Sports",
		"iconName": "life-ring",
		"scoresheet": "General"
	},
	"Art": {
		"id": 109,
		"name": "Art",
		"iconName": "pencil-paintbrush",
		"scoresheet": "General"
	},
	"Laser Tag": {
		"id": 110,
		"name": "Laser Tag",
		"iconName": "raygun",
		"scoresheet": "General"
	},
	"Wellness Challenge": {
		"id": 111,
		"name": "Wellness Challenge",
		"iconName": "spa",
		"scoresheet": "General"
	}
}